Subject,Drug,Treatment,Trial,Type,TimeNearStimulus,AbsoluteTurnAngle,Speed,Freezing
PC1,pCPA,CTRL,1,0,17.745567,24.6571756590909,7.60315768085106,1
PC1,pCPA,CTRL,2,0,0.716667,31.2153103,5.58140841666667,0
PC1,pCPA,CTRL,3,0,5.233333,30.3415311176471,5.51701277192983,0
PC1,pCPA,CTRL,4,1,5.725123,,5.61994493220339,1
PC1,pCPA,CTRL,5,0,0,11.6420379,4.47085883333333,0
PC1,pCPA,CTRL,6,1,1.754762,22.820753375,4.48951797560976,0
PC1,pCPA,CTRL,7,0,4.339916,23.0730234571429,4.61622430555556,2
PC1,pCPA,CTRL,8,1,23.899998,19.5345422807018,4.99560731578947,0
PC1,pCPA,CTRL,9,0,0,23.7830620227273,3.99350522916667,3
PC1,pCPA,CTRL,10,1,33.446652,23.2703342413793,4.1896681875,1
PC1,pCPA,CTRL,11,0,0.4,9.91082163636364,3.58698761538462,2
PC1,pCPA,CTRL,12,1,1,24.264125,3.59169777777778,0
PC1,pCPA,CTRL,13,0,4.65,23.8023768285714,5.40000711538462,0
PC1,pCPA,CTRL,14,1,9.077952,22.1567606571429,4.00119732258065,0
PC1,pCPA,CTRL,15,0,5.083334,,4.24590356922043,1
PC1,pCPA,CTRL,16,1,1.733333,23.5251037857143,4.1701734,1
PC1,pCPA,CTRL,17,0,3.037037,22.9548105833333,4.18155684705882,2
PC1,pCPA,CTRL,18,1,0,19.8904525,2.66839276190476,1
PC1,pCPA,CTRL,19,0,1.666667,31.2959810909091,2.2092495,1
PC1,pCPA,CTRL,20,1,6.850981,26.4461820465116,4.34441998930481,3
PC2,pCPA,CTRL,1,0,12.444642,27.4610467906977,9.26150981818182,0
PC2,pCPA,CTRL,2,0,18.076567,20.9584944915254,8.35084943333333,0
PC2,pCPA,CTRL,3,0,12.040231,24.6725977666667,8.24948546666667,0
PC2,pCPA,CTRL,4,1,15.390733,24.5354727966102,7.22474173333333,0
PC2,pCPA,CTRL,5,0,14.307304,23.9099523559322,7.06792343333333,0
PC2,pCPA,CTRL,6,1,14.989657,26.0277174666667,6.64618678333333,0
PC2,pCPA,CTRL,7,0,31.339075,21.6270895833333,6.85298618333334,0
PC2,pCPA,CTRL,8,1,22.147496,23.3029792666667,6.7372805,0
PC2,pCPA,CTRL,9,0,12.593105,20.6085065090909,7.18445907142857,0
PC2,pCPA,CTRL,10,1,15.225482,27.5822319361702,6.77962569230769,4
PC2,pCPA,CTRL,11,0,24.897311,20.0963105686274,7.2545602037037,2
PC2,pCPA,CTRL,12,1,17.537501,21.935942,7.74090713636363,1
PC2,pCPA,CTRL,13,0,16.868754,22.6591736590909,7.02904530434783,3
PC2,pCPA,CTRL,14,1,19.524888,20.26487696,6.45616165454545,2
PC2,pCPA,CTRL,15,0,28.71593,18.65225765,6.84247643181818,2
PC2,pCPA,CTRL,16,1,10.295933,22.536200877551,5.79964454716981,0
PC2,pCPA,CTRL,17,0,11.273445,20.0007158181818,4.61228832352941,6
PC2,pCPA,CTRL,18,1,34.408491,22.6720754222222,6.629581,3
PC2,pCPA,CTRL,19,0,20.466667,23.5176567272727,4.30330202631579,8
PC2,pCPA,CTRL,20,1,,23.7425553457944,4.47908292857143,5
PC3,pCPA,CTRL,1,0,12.158623,31.0381737692308,7.35062048387097,1
PC3,pCPA,CTRL,2,0,8.699999,17.4152993928571,4.9202130967742,2
PC3,pCPA,CTRL,3,0,16.315385,,4.1611645,2
PC3,pCPA,CTRL,4,1,10.633333,26.838225779661,6.03626875,0
PC3,pCPA,CTRL,5,0,7.829885,20.7403671111111,3.29654554054054,1
PC3,pCPA,CTRL,6,1,3,16.31251425,0.6126134,55
PC3,pCPA,CTRL,7,0,3,,1.475315,58
PC3,pCPA,CTRL,8,1,4.898133,17.0709504782609,4.21332070967742,6
PC3,pCPA,CTRL,9,0,32.266149,11.9218868333333,4.250837375,4
PC3,pCPA,CTRL,10,1,15.453997,23.7137195,3.7930385,2
PC3,pCPA,CTRL,11,0,56.402898,20.6920728474576,5.00141555,0
PC3,pCPA,CTRL,12,1,13.933333,17.7136551555556,3.47572639130435,2
PC3,pCPA,CTRL,13,0,17.256322,23.23099925,3.71088083333333,0
PC3,pCPA,CTRL,14,1,13.300643,21.6275547586207,3.87787194915254,1
PC3,pCPA,CTRL,15,0,11.566667,16.3216492708333,2.01094890909091,7
PC3,pCPA,CTRL,16,1,23.504762,18.8263194038462,3.15609874545455,3
PC3,pCPA,CTRL,17,0,36.445492,23.6065369655173,3.81516153448276,0
PC3,pCPA,CTRL,18,1,27.789268,28.7897699636364,3.46801651666667,3
PC3,pCPA,CTRL,19,0,16.601283,20.9293015789474,4.33840221052632,1
PC3,pCPA,CTRL,20,1,11.505748,,4.04282,0
PC4,pCPA,CTRL,1,0,19.6659000355711,14.2457623828766,3.32028111292106,3
PC4,pCPA,CTRL,2,0,23.1371862844793,16.2121608117995,6.70687193574118,7
PC4,pCPA,CTRL,3,0,2.6237482018964,30.8356751580998,1.62410632144173,10
PC4,pCPA,CTRL,4,1,11.8763255524346,13.2571565941346,8.59857152152844,8
PC4,pCPA,CTRL,5,0,12.3476766321149,26.2603505696375,5.60687965045518,5
PC4,pCPA,CTRL,6,1,39.4214293754604,26.8341485345755,4.91393644096629,0
PC4,pCPA,CTRL,7,0,27.4820892456455,28.5269388224099,6.78966681529537,2
PC4,pCPA,CTRL,8,1,33.417902579709,25.3583096813881,1.98772435918525,7
PC4,pCPA,CTRL,9,0,21.2896737642131,26.9936884069137,4.12805031212009,6
PC4,pCPA,CTRL,10,1,25.7174361012015,9.98417027705763,3.67452923273095,2
PC4,pCPA,CTRL,11,0,4.55219444279681,16.6188893426999,8.89559735562205,0
PC4,pCPA,CTRL,12,1,18.0374831036488,30.9417310641045,6.07784963139942,10
PC4,pCPA,CTRL,13,0,28.6608044988349,22.8173854914565,6.06136485324402,10
PC4,pCPA,CTRL,14,1,16.4064794187317,26.0168705969958,4.50974338244295,10
PC4,pCPA,CTRL,15,0,21.779567174287,27.0761657555092,1.69890148296593,8
PC4,pCPA,CTRL,16,1,24.3528601126899,15.6838894143267,6.50494840163933,6
PC4,pCPA,CTRL,17,0,27.3053058851153,33.3439624540988,4.41834893162068,10
PC4,pCPA,CTRL,18,1,12.825329352656,22.2576937634513,3.62550242877908,9
PC4,pCPA,CTRL,19,0,23.1078619768802,27.6275668814334,7.44121243463378,9
PC4,pCPA,CTRL,20,1,20.6717941302004,12.0186251664911,2.08511833577746,8
PC5,pCPA,CTRL,1,0,8.46904189433032,12.7812665686185,6.93390336635318,1
PC5,pCPA,CTRL,2,0,11.4065720079376,17.6740378937014,5.8181839955843,8
PC5,pCPA,CTRL,3,0,5.95377723343278,32.8914928483765,7.47064895953437,4
PC5,pCPA,CTRL,4,1,27.2725920270988,29.915808588524,7.2452008799805,9
PC5,pCPA,CTRL,5,0,26.1224442715809,12.0546258582585,2.89298758383302,4
PC5,pCPA,CTRL,6,1,20.4236455197088,33.2804467466923,3.38786001694104,1
PC5,pCPA,CTRL,7,0,12.996606341794,22.1166655343295,2.22829997573498,10
PC5,pCPA,CTRL,8,1,33.412448301722,32.9438803945523,2.80339793909672,1
PC5,pCPA,CTRL,9,0,4.11028196988235,10.2885781271069,7.07097406942279,9
PC5,pCPA,CTRL,10,1,19.4081192563025,8.78079951774295,6.2120750077394,1
PC5,pCPA,CTRL,11,0,26.955222164916,31.050818540848,4.44184850616373,1
PC5,pCPA,CTRL,12,1,15.3637744132481,16.4202385028512,2.82483456903281,3
PC5,pCPA,CTRL,13,0,18.3534163422535,14.4723390181244,8.49235851374651,8
PC5,pCPA,CTRL,14,1,23.1601091864627,16.0969172527186,2.75855219229577,4
PC5,pCPA,CTRL,15,0,13.0862675762183,16.0481468606966,3.40335095241209,8
PC5,pCPA,CTRL,16,1,29.2255802741873,33.2579623190114,6.32834371318521,5
PC5,pCPA,CTRL,17,0,22.2044864908209,26.447584978413,4.29752685750044,2
PC5,pCPA,CTRL,18,1,10.5034516172025,11.7736634390635,3.4872186636993,2
PC5,pCPA,CTRL,19,0,25.9681124845588,11.3043901519603,1.31893750573419,10
PC5,pCPA,CTRL,20,1,24.4211024467147,32.7639674386051,1.41276354417995,5
PC6,pCPA,CTRL,1,0,23.2920373619411,10.1334466964071,2.7013366412008,4
PC6,pCPA,CTRL,2,0,19.7822379146068,19.225725746202,2.81463024300873,4
PC6,pCPA,CTRL,3,0,0.9567148176013,10.7767507502111,7.18182137817691,0
PC6,pCPA,CTRL,4,1,38.4393143636512,9.40463877244261,3.01289114995704,9
PC6,pCPA,CTRL,5,0,10.9641301378481,14.9039520197448,2.96568338074655,9
PC6,pCPA,CTRL,6,1,12.0266795927899,18.5080040390139,6.7306134121655,9
PC6,pCPA,CTRL,7,0,7.77594870169116,22.0839923836329,2.55394742053116,5
PC6,pCPA,CTRL,8,1,16.5594908066832,29.995615609453,4.59989627112202,6
PC6,pCPA,CTRL,9,0,22.3446190092401,15.0486401724531,5.48633939261601,7
PC6,pCPA,CTRL,10,1,17.9653571555357,24.1613703282981,2.19056517380666,2
PC6,pCPA,CTRL,11,0,4.60090629859928,27.4678835501631,4.5513169712788,5
PC6,pCPA,CTRL,12,1,14.7412105531519,9.095819625295,1.98000449465966,4
PC6,pCPA,CTRL,13,0,8.45663216648622,9.43812529616418,4.55830864103355,10
PC6,pCPA,CTRL,14,1,19.7899364367345,28.648910598633,4.645223682572,3
PC6,pCPA,CTRL,15,0,8.06906966000787,18.5207582585545,6.06432682553682,8
PC6,pCPA,CTRL,16,1,20.6699928768422,26.3209022641295,6.99069033310714,1
PC6,pCPA,CTRL,17,0,15.6501108327726,19.1749368387735,2.73042195577184,1
PC6,pCPA,CTRL,18,1,19.8660180979871,19.7189595922286,5.15777968048865,7
PC6,pCPA,CTRL,19,0,23.5322651733823,18.4829440489867,8.54471311101266,1
PC6,pCPA,CTRL,20,1,22.0083949741436,13.3585135529002,4.17405053653112,1
PC7,pCPA,CTRL,1,0,12.1026531145924,20.9446771018663,3.00204836031828,10
PC7,pCPA,CTRL,2,0,6.44560394840996,15.6385042743736,2.49688252239373,1
PC7,pCPA,CTRL,3,0,1.0805465282307,20.3639704359789,6.95637871828918,4
PC7,pCPA,CTRL,4,1,15.1966000222329,16.4261511378069,4.8296599760034,6
PC7,pCPA,CTRL,5,0,26.2042646857054,22.7412893619932,3.09181353255411,10
PC7,pCPA,CTRL,6,1,27.406772938108,33.8184813740757,2.1404772455192,4
PC7,pCPA,CTRL,7,0,2.38979938381657,25.0112411425142,5.53061568177973,7
PC7,pCPA,CTRL,8,1,18.264344758745,12.6007486907809,3.24859399504028,4
PC7,pCPA,CTRL,9,0,28.029022310365,26.1220668860074,8.61158695527793,8
PC7,pCPA,CTRL,10,1,30.0106491406637,24.8563043163527,4.24599192260414,3
PC7,pCPA,CTRL,11,0,16.2862886924169,21.3835822872192,6.33826258942961,1
PC7,pCPA,CTRL,12,1,12.7253533928942,30.539297892829,6.51826776694698,2
PC7,pCPA,CTRL,13,0,5.29472159823471,31.3282910712118,2.39727585714221,1
PC7,pCPA,CTRL,14,1,28.8393898515338,33.8366229494584,5.35705776052709,9
PC7,pCPA,CTRL,15,0,29.2954203945602,17.0295949124399,1.42554694207755,10
PC7,pCPA,CTRL,16,1,12.6070146374088,19.9167674755789,2.57218848385119,2
PC7,pCPA,CTRL,17,0,26.8782592053339,18.9688760444764,7.61506698171236,6
PC7,pCPA,CTRL,18,1,25.0116493374111,10.6370946393705,4.89361171337953,3
PC7,pCPA,CTRL,19,0,3.66192458062783,12.6400056115597,5.09981774688075,9
PC7,pCPA,CTRL,20,1,24.2166695988636,22.2224696187625,8.44012832777627,5
PC8,pCPA,CTRL,1,0,7.33996306027019,8.48368167431978,3.53139277754915,1
PC8,pCPA,CTRL,2,0,3.56597867788962,23.7079932334432,3.44023970902758,5
PC8,pCPA,CTRL,3,0,16.9679249753408,11.6341563225858,2.39450445664096,8
PC8,pCPA,CTRL,4,1,39.6729416084305,31.591498926926,1.40689340661938,8
PC8,pCPA,CTRL,5,0,23.7839074239202,15.9570948444204,7.13400600335648,6
PC8,pCPA,CTRL,6,1,18.6541898724549,26.2709350108795,6.02560495250895,1
PC8,pCPA,CTRL,7,0,15.9865025988714,8.28666531229057,6.00893031442692,4
PC8,pCPA,CTRL,8,1,14.6088700733507,30.366957233214,1.15353956277857,2
PC8,pCPA,CTRL,9,0,29.6864178870963,17.0780111896307,3.33739326707767,5
PC8,pCPA,CTRL,10,1,15.3778627285151,27.1792103543342,2.5125400006711,10
PC8,pCPA,CTRL,11,0,23.6548221763481,12.4669042183291,3.50871314982208,4
PC8,pCPA,CTRL,12,1,32.0608798701138,21.6368444558922,6.3305167472485,3
PC8,pCPA,CTRL,13,0,4.37653618346815,16.2771840874028,5.31073004740806,10
PC8,pCPA,CTRL,14,1,20.9409578185537,8.18127271200766,8.99861484418487,2
PC8,pCPA,CTRL,15,0,9.38367969375086,27.5601098094436,2.14965924643651,0
PC8,pCPA,CTRL,16,1,15.2332653855902,12.6984867938593,4.46143803339824,0
PC8,pCPA,CTRL,17,0,8.95778506805898,33.7600742476322,3.61902636163182,7
PC8,pCPA,CTRL,18,1,15.1485073517361,33.5360213886651,7.24068176637987,5
PC8,pCPA,CTRL,19,0,7.28603686596764,20.8924758746516,5.61956097780657,0
PC8,pCPA,CTRL,20,1,12.9968151200702,25.1483473956942,5.15119173395439,9
PC9,pCPA,CTRL,1,0,15.5405533098496,29.1193171929179,2.03285880393359,3
PC9,pCPA,CTRL,2,0,22.7925524524013,23.3220173909884,5.80709888909509,2
PC9,pCPA,CTRL,3,0,27.1647800884424,32.7444471499392,7.61974130860369,0
PC9,pCPA,CTRL,4,1,30.5661842719371,16.6691502717918,7.30526759674476,4
PC9,pCPA,CTRL,5,0,4.16632912000682,25.5945273320743,4.87738307255052,0
PC9,pCPA,CTRL,6,1,19.1627563249896,18.7276378196258,5.09978347284313,1
PC9,pCPA,CTRL,7,0,1.91068875598921,21.1742989783071,5.46414581215325,3
PC9,pCPA,CTRL,8,1,33.5240401236936,29.8355833419009,2.04838273551978,4
PC9,pCPA,CTRL,9,0,29.1849995902212,28.7603423568374,1.9279817686234,7
PC9,pCPA,CTRL,10,1,38.8139343856749,30.7156687011338,6.80510493312454,6
PC9,pCPA,CTRL,11,0,21.4003148831287,8.68331606346871,4.50932919330795,7
PC9,pCPA,CTRL,12,1,14.3375626576404,8.17555747080884,6.29559998072498,4
PC9,pCPA,CTRL,13,0,4.45031667461803,32.826584850419,8.40970401073487,8
PC9,pCPA,CTRL,14,1,11.1902398561856,33.3974824565432,5.73869138877338,1
PC9,pCPA,CTRL,15,0,14.1820379227945,10.7213853542243,4.38231134058269,4
PC9,pCPA,CTRL,16,1,16.8327325376712,9.9908634967705,5.33740339398915,9
PC9,pCPA,CTRL,17,0,24.370939291573,33.3641894353113,7.54240348018358,4
PC9,pCPA,CTRL,18,1,17.4236597090384,16.3013279073947,6.83463730532739,8
PC9,pCPA,CTRL,19,0,16.831959984277,24.4455611596848,5.799760100886,7
PC9,pCPA,CTRL,20,1,29.1588906827095,23.4315499440265,1.15734771028167,0
PC10,pCPA,CTRL,1,0,7.97643485909642,13.3050006412786,7.01800638943625,5
PC10,pCPA,CTRL,2,0,15.5155951259174,21.6821175491477,1.54136180526995,5
PC10,pCPA,CTRL,3,0,10.7790280973796,25.3364596804047,6.3380711788736,9
PC10,pCPA,CTRL,4,1,13.3288726923109,10.1380304687595,8.12809927651452,7
PC10,pCPA,CTRL,5,0,5.16772886700782,25.6969038939885,3.24917647177117,1
PC10,pCPA,CTRL,6,1,33.7614499437936,8.82887765834998,2.57883618665582,4
PC10,pCPA,CTRL,7,0,19.4432689482737,15.7594956001357,5.18139990189504,9
PC10,pCPA,CTRL,8,1,26.4892291397482,22.7726235726315,8.91997779429384,3
PC10,pCPA,CTRL,9,0,10.4404199775973,23.4349324010995,8.92541247087055,10
PC10,pCPA,CTRL,10,1,10.3126383031723,24.1716197693318,5.3843578529962,1
PC10,pCPA,CTRL,11,0,8.30202457886522,11.555396603569,1.59288800727333,2
PC10,pCPA,CTRL,12,1,10.4995490472735,8.97717450341961,2.80075968255296,6
PC10,pCPA,CTRL,13,0,26.1485507406757,17.0558334674558,1.65489612068593,8
PC10,pCPA,CTRL,14,1,25.6920217238801,15.8030288405983,2.96987748150034,2
PC10,pCPA,CTRL,15,0,2.48812829707108,31.0655680311652,2.51005957888624,1
PC10,pCPA,CTRL,16,1,20.7271765609668,33.7599836727776,8.11979634555043,1
PC10,pCPA,CTRL,17,0,23.241942369152,17.163167193634,3.87764584616179,4
PC10,pCPA,CTRL,18,1,12.9894643805014,15.3072114192976,2.39315771681863,5
PC10,pCPA,CTRL,19,0,20.5815608819891,9.67932342692997,7.79661132826593,6
PC10,pCPA,CTRL,20,1,26.410822164448,23.9664011428578,8.15163477057401,7
PC11,pCPA,CTRL,1,0,6.96107548979528,29.2122479624104,5.98735618785222,5
PC11,pCPA,CTRL,2,0,0.951443668273254,10.4234847585482,2.0587108915918,7
PC11,pCPA,CTRL,3,0,8.66204886152643,21.452063058328,2.20536524754117,4
PC11,pCPA,CTRL,4,1,31.0787000517133,27.0546997343469,5.6891505777108,7
PC11,pCPA,CTRL,5,0,21.4759678593456,28.9935466545722,4.35582841207461,1
PC11,pCPA,CTRL,6,1,33.2381355389346,10.3353573443707,3.97277022433209,7
PC11,pCPA,CTRL,7,0,7.88251770807734,12.8690578294997,4.22939608072925,0
PC11,pCPA,CTRL,8,1,34.1119274836385,28.2295618475863,5.04456600854405,2
PC11,pCPA,CTRL,9,0,4.00053944987353,12.3191552874155,5.97374396719253,7
PC11,pCPA,CTRL,10,1,37.7366241850927,22.381699673177,6.26220615890045,1
PC11,pCPA,CTRL,11,0,17.1301686550011,17.8490407704567,3.10275194851426,1
PC11,pCPA,CTRL,12,1,13.9265424661861,28.5190192964968,3.53236474269688,4
PC11,pCPA,CTRL,13,0,24.9641040351489,25.8057173750071,1.19859928547751,6
PC11,pCPA,CTRL,14,1,22.2854646386706,21.1224697271945,5.12972768125491,3
PC11,pCPA,CTRL,15,0,1.22656396937738,19.4233901118976,3.38100964266044,1
PC11,pCPA,CTRL,16,1,15.8304691305798,17.4161580383614,7.03753458456995,7
PC11,pCPA,CTRL,17,0,17.9739062264944,18.163781732108,6.57299659793914,0
PC11,pCPA,CTRL,18,1,14.9501218627428,32.233754028899,4.05634774298287,3
PC11,pCPA,CTRL,19,0,27.5322180032514,19.8167242955086,2.89456540546934,1
PC11,pCPA,CTRL,20,1,15.5187623210774,32.6700765011533,1.88881204628524,0
PC12,pCPA,CTRL,1,0,19.4218245177865,20.9092387582611,6.42237767780561,10
PC12,pCPA,CTRL,2,0,26.0561954100555,10.8093392720103,8.40123864979077,7
PC12,pCPA,CTRL,3,0,7.87801676363661,30.6227075123931,7.63669724079799,6
PC12,pCPA,CTRL,4,1,29.0850113488298,25.3780224620199,2.79636699590615,4
PC12,pCPA,CTRL,5,0,24.179594248023,24.2800842802429,4.54020104391705,1
PC12,pCPA,CTRL,6,1,17.53979406955,26.2017998002326,4.82759356009302,5
PC12,pCPA,CTRL,7,0,6.74815671253242,24.2673764381338,1.76513285715476,9
PC12,pCPA,CTRL,8,1,20.9149467372069,31.9978522657282,5.64167356573812,6
PC12,pCPA,CTRL,9,0,18.9025213536896,24.4734573620906,8.53940306769691,5
PC12,pCPA,CTRL,10,1,11.7444355609704,14.7223447095238,1.16008365505607,7
PC12,pCPA,CTRL,11,0,7.75463330798694,22.6423605144801,3.01061730591092,4
PC12,pCPA,CTRL,12,1,37.6000871294056,16.2397543570298,5.46007420980841,3
PC12,pCPA,CTRL,13,0,23.1770473659908,16.3046469466326,2.50124682220931,6
PC12,pCPA,CTRL,14,1,26.6268408779618,16.6202290135397,5.80657448401809,3
PC12,pCPA,CTRL,15,0,8.53786441848611,19.1646476829314,3.48488131039722,9
PC12,pCPA,CTRL,16,1,24.1421441844592,22.4994345763213,3.01194788773706,7
PC12,pCPA,CTRL,17,0,25.3874457977343,18.3057019648033,8.62771838427927,8
PC12,pCPA,CTRL,18,1,12.0784546790212,15.8413845769322,6.59030075528404,10
PC12,pCPA,CTRL,19,0,5.45621377839658,27.8615584879441,5.70683169784895,4
PC12,pCPA,CTRL,20,1,20.4587629426055,19.3186370017837,1.39405593041555,1
PS1,pCPA,SA,1,0,9.776716,29.2655588888889,10.1504769736842,1
PS1,pCPA,SA,2,0,0.125,20.7286049107143,4.25335657142857,0
PS1,pCPA,SA,3,0,0.233333,24.40436068,3.57770462068965,8
PS1,pCPA,SA,4,1,35.4816288248199,29.141473025,3.91955550877193,1
PS1,pCPA,SA,5,0,3.442856,22.8345587380952,4.40211621568627,0
PS1,pCPA,SA,6,1,45.0445972903811,34.669156975,3.91848571153846,0
PS1,pCPA,SA,7,0,19.833334,25.8591020869565,4.05630763333333,0
PS1,pCPA,SA,8,1,52.9886541630653,18.5297752444444,4.21865420689655,0
PS1,pCPA,SA,9,0,15.433333,25.7750263478261,3.98877695,0
PS1,pCPA,SA,10,1,35.8786257202794,19.55296418,3.7318170862069,0
PS1,pCPA,SA,11,0,25.33908,24.6075365087719,3.45983152542373,1
PS1,pCPA,SA,12,1,54.6424856389909,19.3648232962963,3.95623896363636,0
PS1,pCPA,SA,13,0,19.6,18.4026896206896,3.90267884482759,0
PS1,pCPA,SA,14,1,54.4358594482563,23.8247241186441,4.00357285,1
PS1,pCPA,SA,15,0,18.53833,16.6049734561404,4.27715619298246,0
PS1,pCPA,SA,16,1,33.9177854744971,22.3553107407407,4.5948826,0
PS1,pCPA,SA,17,0,11.914286,20.6202149473684,4.51692920689655,1
PS1,pCPA,SA,18,1,58.1425789663584,27.9984576226415,4.96167212068965,0
PS1,pCPA,SA,19,0,,19.8263995357143,4.70334726666667,0
PS1,pCPA,SA,20,1,39.2586001509459,18.8220622446809,,0
PS2,pCPA,SA,2,0,7.97567411843199,26.224662653112,3.78784502863814,3
PS2,pCPA,SA,3,0,9.23768778189751,13.5628715943866,5.04500180053558,0
PS2,pCPA,SA,4,1,40.2341036745416,24.6207630560277,9.21812687305254,3
PS2,pCPA,SA,5,0,4.04468074249189,13.9268742823226,4.44688521260074,1
PS2,pCPA,SA,6,1,58.8965588152942,12.4760394033733,9.7344726539007,3
PS2,pCPA,SA,7,0,0.330541219019895,13.9931457397905,3.83455203696542,1
PS2,pCPA,SA,8,1,42.2396891576581,21.8461269451068,1.58630348660342,1
PS2,pCPA,SA,9,0,9.69961987440557,27.5406790602378,10.6190141021582,1
PS2,pCPA,SA,10,1,49.5725009281545,30.6688398526753,1.71686414050966,0
PS2,pCPA,SA,11,0,7.10583127367841,20.86176398535,10.4286839726873,2
PS2,pCPA,SA,12,1,46.6569158820774,15.5449062102524,6.24216880813737,1
PS2,pCPA,SA,13,0,6.57255163797061,26.6271887611697,7.34538033070848,1
PS2,pCPA,SA,14,1,45.7100860189805,25.4320276320917,3.36746931870369,3
PS2,pCPA,SA,15,0,5.32105509672564,16.2414632282476,9.38580495502896,3
PS2,pCPA,SA,16,1,55.3040649906997,15.852351373387,3.05640836875857,1
PS2,pCPA,SA,17,0,7.02176022991627,17.2585343669702,5.56303628969208,2
PS2,pCPA,SA,18,1,35.8790551327412,10.138044510271,7.22589846093036,2
PS2,pCPA,SA,19,0,1.35377188184335,10.0089396216847,4.48020403980561,3
PS2,pCPA,SA,20,1,49.0420310480773,10.2770732867878,10.9275613916944,2
PS3,pCPA,SA,1,0,10.8410870662818,26.2544540938155,1.35235032789196,0
PS3,pCPA,SA,2,0,8.23432779123576,23.5220203158318,6.35186469086409,2
PS3,pCPA,SA,3,0,7.69142617981751,12.2525792803393,3.64387726786059,1
PS3,pCPA,SA,4,1,51.487861760233,24.2033567357436,3.03189438411258,0
PS3,pCPA,SA,5,0,6.67444335066585,23.4486584827881,5.88598527534479,1
PS3,pCPA,SA,6,1,31.5942081739909,18.9931290581892,4.19556783403353,1
PS3,pCPA,SA,7,0,8.59589118439656,29.946919511375,2.47497967921713,1
PS3,pCPA,SA,8,1,37.2091563366377,13.9343257754388,9.20098032737208,0
PS3,pCPA,SA,9,0,6.31049424238627,21.1587687808969,2.35386194498584,2
PS3,pCPA,SA,10,1,37.6759129700663,27.1527530283207,2.59752360833568,0
PS3,pCPA,SA,11,0,7.94696121548237,28.465045902627,2.16932601609945,2
PS3,pCPA,SA,12,1,47.4522984341205,29.4010099618602,3.00605021175542,2
PS3,pCPA,SA,13,0,10.0529504534821,27.709495532653,4.05109042977089,3
PS3,pCPA,SA,14,1,48.9824135432534,14.9167610525555,1.42702558350535,3
PS3,pCPA,SA,15,0,9.96543099912904,19.1643065260479,7.80336584912176,1
PS3,pCPA,SA,16,1,32.7658219843676,20.3413046166611,1.12967078676832,1
PS3,pCPA,SA,17,0,8.3329669813811,20.4873315934855,4.94134187547751,0
PS3,pCPA,SA,18,1,40.2088133084173,25.4869458246963,9.37145313971857,0
PS3,pCPA,SA,19,0,6.03893107809903,23.742370210512,8.40206324242757,1
PS3,pCPA,SA,20,1,56.9492442841925,29.0139440067685,1.47987175083611,2
PS4,pCPA,SA,1,0,4.50664199020646,13.2967869893635,2.75961898032788,0
PS4,pCPA,SA,2,0,1.78903718170936,21.6462863938895,6.90610682844414,1
PS4,pCPA,SA,3,0,8.63587912337259,10.6763794167597,9.754835620056,2
PS4,pCPA,SA,4,1,46.4202431154508,22.5494837063437,7.20030112670722,3
PS4,pCPA,SA,5,0,5.65100674717561,14.1936349244052,10.1434157100609,0
PS4,pCPA,SA,6,1,40.1465399987305,12.8856974558757,2.23925992404268,1
PS4,pCPA,SA,7,0,2.4262413096903,12.502277832504,5.84317234727654,0
PS4,pCPA,SA,8,1,38.9669631094746,15.4216763692695,6.12022535995369,2
PS4,pCPA,SA,9,0,5.6473765691572,19.2366843306453,8.36676519983735,0
PS4,pCPA,SA,10,1,42.3303731463587,14.6521621666819,6.23793761946858,3
PS4,pCPA,SA,11,0,5.60556340246607,10.9938803052408,1.43340508829899,3
PS4,pCPA,SA,12,1,31.1123551184453,20.4215380523729,9.37848994149824,1
PS4,pCPA,SA,13,0,4.36820052162176,17.1454073493727,8.62768952463427,1
PS4,pCPA,SA,14,1,45.3186957524354,27.1282660285357,9.77456218841649,0
PS4,pCPA,SA,15,0,1.34354466024802,30.5221478732682,1.53393489265522,2
PS4,pCPA,SA,16,1,52.6782098585038,16.6902594620263,5.34374670115759,0
PS4,pCPA,SA,17,0,10.9024440427203,18.3272946149431,4.25700550462754,1
PS4,pCPA,SA,18,1,41.0149166948537,29.6413773206649,2.34546700552333,0
PS4,pCPA,SA,19,0,7.597280486957,25.606434054289,10.1641454762256,1
PS4,pCPA,SA,20,1,40.7901442622997,21.7366409609825,2.37743101031431,1
PS5,pCPA,SA,1,0,8.93279238968584,14.9874785103668,7.34546175953671,2
PS5,pCPA,SA,2,0,5.26700955554887,25.5182496712043,7.38512488413855,1
PS5,pCPA,SA,3,0,0.208281657451275,12.3489180649978,1.11395329199143,3
PS5,pCPA,SA,4,1,41.9467368423119,25.3484260648426,7.31623405595199,2
PS5,pCPA,SA,5,0,6.55577074447442,10.9858510578882,4.78726359300639,1
PS5,pCPA,SA,6,1,50.6801016582372,21.3451278083874,6.44820058658638,2
PS5,pCPA,SA,7,0,3.29202292478351,30.468779236074,5.12624033919264,2
PS5,pCPA,SA,8,1,42.6289284163146,16.297164181648,5.64428866620368,2
PS5,pCPA,SA,9,0,5.26760923129933,27.5090006081205,6.93421561875185,3
PS5,pCPA,SA,10,1,45.6967924239422,13.8889169749898,9.05872640816071,3
PS5,pCPA,SA,11,0,10.2244199879539,19.7622461718184,2.45363825332917,3
PS5,pCPA,SA,12,1,51.1011357648994,21.3116825603111,5.66346751678855,1
PS5,pCPA,SA,13,0,6.6444708640958,26.6350219187615,9.0153103986189,3
PS5,pCPA,SA,14,1,51.3573728278619,15.5076459174077,8.57806294246545,2
PS5,pCPA,SA,15,0,3.80508471591032,25.9503019253553,10.259432220175,1
PS5,pCPA,SA,16,1,34.3907899550357,12.4185987761435,6.91589038467944,0
PS5,pCPA,SA,17,0,10.2170503287954,21.7107797967409,6.02235908709718,2
PS5,pCPA,SA,18,1,52.5904348596115,20.3131083782307,9.71669263804232,2
PS5,pCPA,SA,19,0,8.5729691809588,19.8825183202161,3.45849767515011,2
PS5,pCPA,SA,20,1,42.4957424927428,14.4638330589322,10.2290105368261,2
PS6,pCPA,SA,1,0,3.64880348481302,12.3887260183656,4.36927576153564,2
PS6,pCPA,SA,2,0,8.19907791689108,29.2843641597157,7.92284890474891,2
PS6,pCPA,SA,3,0,6.85947017829685,30.7208960084413,7.24690313625028,3
PS6,pCPA,SA,4,1,43.8952358775193,30.3396598572779,6.796636539851,2
PS6,pCPA,SA,5,0,1.70700686586405,21.8890362629477,1.24782024273059,2
PS6,pCPA,SA,6,1,53.2189200106988,23.1171701169296,9.7610669884433,0
PS6,pCPA,SA,7,0,2.015185058302,26.6120863209934,3.92566367071729,2
PS6,pCPA,SA,8,1,34.4453181275461,18.9649721456818,6.47956897291091,2
PS6,pCPA,SA,9,0,10.3199077056095,25.7159827841867,7.74260312012414,3
PS6,pCPA,SA,10,1,32.6054128475286,26.4939928617949,6.17546536716402,0
PS6,pCPA,SA,11,0,2.59548479533912,18.6361017421126,7.91833299217022,2
PS6,pCPA,SA,12,1,48.4170247663371,13.753594816398,6.45060678143273,2
PS6,pCPA,SA,13,0,9.60408672528061,14.0890695900933,8.70032660535789,2
PS6,pCPA,SA,14,1,39.9943749079919,29.5090640691437,6.71219832719367,0
PS6,pCPA,SA,15,0,1.67289084741363,16.6380731191277,5.42956935358129,1
PS6,pCPA,SA,16,1,52.9435857871899,22.2224689432136,2.53829177761705,3
PS6,pCPA,SA,17,0,6.16548036996799,17.8330292913253,5.34891772390781,3
PS6,pCPA,SA,18,1,36.6252305961412,23.7885213022035,9.68713757078405,0
PS6,pCPA,SA,19,0,3.50600626601934,11.7182299966598,3.88495850951453,2
PS6,pCPA,SA,20,1,53.8868829330678,26.6024060717711,9.23629416805337,2
PS7,pCPA,SA,1,0,2.20328623627202,29.8614686154577,10.5839034923703,2
PS7,pCPA,SA,2,0,9.70639052615654,28.1769178709742,3.49533597887014,0
PS7,pCPA,SA,3,0,1.82828593046334,13.5581051280297,6.56191378430077,2
PS7,pCPA,SA,4,1,48.3633142867997,29.4721184283509,8.66427934126682,1
PS7,pCPA,SA,5,0,1.82205120572028,18.6026440718316,9.24478886046711,1
PS7,pCPA,SA,6,1,31.2372049441855,16.0281341704411,7.76036319070326,1
PS7,pCPA,SA,7,0,8.07993550038238,18.4229825376374,9.91098413134233,1
PS7,pCPA,SA,8,1,47.566660435648,19.6720558847397,8.03806562298182,0
PS7,pCPA,SA,9,0,8.57349012858661,14.6409087035531,4.42353306743418,2
PS7,pCPA,SA,10,1,50.0512753105253,12.5448738146348,8.13955967668567,1
PS7,pCPA,SA,11,0,6.38715097172937,19.1020706564597,9.21640936984423,0
PS7,pCPA,SA,12,1,33.6767412553109,30.2696196447587,9.6229407905993,0
PS7,pCPA,SA,13,0,0.137585214422563,18.7788879239323,6.0308206412916,2
PS7,pCPA,SA,14,1,37.796311342876,13.4042808973667,8.2344087839594,0
PS7,pCPA,SA,15,0,4.36256835915809,30.5201486106385,5.31715365767659,3
PS7,pCPA,SA,16,1,54.8842552700539,10.1505293983376,9.42569255433324,1
PS7,pCPA,SA,17,0,2.72224114691023,29.2406415912812,9.2276293989329,1
PS7,pCPA,SA,18,1,46.0370434033661,27.2892206372291,10.9388136635109,0
PS7,pCPA,SA,19,0,2.72520691583798,30.8635299185072,3.70263188943152,0
PS7,pCPA,SA,20,1,32.2644913385893,12.7206431854937,8.67452866338833,3
PS8,pCPA,SA,1,0,5.23150521830892,17.0087195371134,7.07234603796924,1
PS8,pCPA,SA,2,0,2.28588732458477,16.865122297246,5.32643237646425,1
PS8,pCPA,SA,3,0,4.70063152555812,23.9747584608343,2.55379315990162,1
PS8,pCPA,SA,4,1,39.3408655731131,15.0643890103821,7.50859242325166,1
PS8,pCPA,SA,5,0,7.5809216332382,21.1053462569158,4.40311509024868,2
PS8,pCPA,SA,6,1,49.3195542882939,15.5651507691578,4.4149463079768,2
PS8,pCPA,SA,7,0,1.30824305619549,20.2547200340726,6.71947473683999,2
PS8,pCPA,SA,8,1,46.329752695323,13.8797367777258,5.04605133879111,0
PS8,pCPA,SA,9,0,10.3076192264269,27.4812408945452,6.61577193101609,0
PS8,pCPA,SA,10,1,57.1444182151765,23.0709560765651,3.1078421425442,3
PS8,pCPA,SA,11,0,4.38884759369211,18.8434641403291,9.25646829581395,3
PS8,pCPA,SA,12,1,38.9474893390179,14.977677645416,2.36612280263374,1
PS8,pCPA,SA,13,0,9.23963711227731,28.2823387738417,3.91617665408616,0
PS8,pCPA,SA,14,1,40.1217440337456,15.0428837536466,10.4579040303041,3
PS8,pCPA,SA,15,0,0.768861703251892,28.3973257505006,7.95642037203999,2
PS8,pCPA,SA,16,1,51.0480920901985,19.7482144656376,8.54484213492356,3
PS8,pCPA,SA,17,0,2.73909737355989,17.1459331096212,9.26832869327121,3
PS8,pCPA,SA,18,1,32.5315720056496,15.4560661848228,9.51128696367505,3
PS8,pCPA,SA,19,0,0.581948627898061,13.3286794468881,7.09130698897049,0
PS8,pCPA,SA,20,1,36.3590997544578,13.2804951651675,4.07421307605452,0
PS9,pCPA,SA,1,0,5.3460601626001,19.3278890100926,5.71048282441397,1
PS9,pCPA,SA,2,0,8.95183527279335,10.2901980901452,3.022870289645,3
PS9,pCPA,SA,3,0,3.44169718057992,12.4137686396946,4.27274706526257,0
PS9,pCPA,SA,4,1,36.8340755411633,15.9702344725421,3.6273094150139,0
PS9,pCPA,SA,5,0,2.36545216301772,18.4269205571442,9.74113205259675,3
PS9,pCPA,SA,6,1,52.9393463762965,29.9231087347876,4.14940478672418,3
PS9,pCPA,SA,7,0,10.402783667592,22.2784081109397,6.81093951552594,0
PS9,pCPA,SA,8,1,42.192676416701,28.5682816786116,4.26033065251028,2
PS9,pCPA,SA,9,0,0.111348271583581,12.1979552104036,4.54133211460175,3
PS9,pCPA,SA,10,1,46.4013360229719,13.9640153165924,2.8011790321686,3
PS9,pCPA,SA,11,0,1.07381042336451,27.9560775007435,5.97060015673996,2
PS9,pCPA,SA,12,1,38.9216047092971,26.9014323340991,9.73121814344539,1
PS9,pCPA,SA,13,0,9.86177814155053,20.8442343516569,10.9152454971428,0
PS9,pCPA,SA,14,1,38.67540901502,29.8394519779155,8.88889721166066,3
PS9,pCPA,SA,15,0,0.566214904293483,19.8571934407999,9.13303698390697,1
PS9,pCPA,SA,16,1,41.9835144446465,27.8607445987696,9.85849541857563,1
PS9,pCPA,SA,17,0,5.45595210721631,13.5408185132647,1.54126355634282,2
PS9,pCPA,SA,18,1,31.8924535611061,17.0458991278338,1.4205998168711,0
PS9,pCPA,SA,19,0,1.50373227014766,19.9284099093965,8.79555650955127,0
PS9,pCPA,SA,20,1,30.3355381061917,13.3606212704614,2.28405209498774,2
PS10,pCPA,SA,1,0,5.93048017503699,20.0957386057654,1.93704657689748,1
PS10,pCPA,SA,2,0,9.19655165369661,15.8020333137484,5.4723082934952,3
PS10,pCPA,SA,3,0,7.86894892625172,22.9086351858395,4.85831604815436,1
PS10,pCPA,SA,4,1,43.4444432563256,15.1997995163016,3.32037578649982,3
PS10,pCPA,SA,5,0,9.37882439764553,26.4181482966674,6.02475861284256,2
PS10,pCPA,SA,6,1,44.606617555112,20.2694668593757,8.86622014830893,1
PS10,pCPA,SA,7,0,0.251899309399199,10.7635053198462,7.73685199848982,1
PS10,pCPA,SA,8,1,50.2354517244076,29.1297469117885,9.15948118312399,3
PS10,pCPA,SA,9,0,1.53653438439268,20.9194732635125,5.9166496044951,2
PS10,pCPA,SA,10,1,30.8630094545947,23.9822174271075,9.58560306008868,3
PS10,pCPA,SA,11,0,0.747208308349558,22.9524370524198,5.21424973000565,0
PS10,pCPA,SA,12,1,30.8879455393475,11.2197466836005,10.174706435023,3
PS10,pCPA,SA,13,0,1.50532753713101,17.2995418584654,9.95234094698571,3
PS10,pCPA,SA,14,1,47.0128977501242,28.2088571417705,3.17162049606913,3
PS10,pCPA,SA,15,0,9.067573267218,11.5468711819189,3.42906058099544,1
PS10,pCPA,SA,16,1,49.4554285065742,28.0664181431105,4.63496021580618,3
PS10,pCPA,SA,17,0,8.69924511472661,25.4525208663357,10.0022775371629,2
PS10,pCPA,SA,18,1,39.517694961526,25.4018412058385,4.42919015629034,3
PS10,pCPA,SA,19,0,10.9758305394646,19.2541628211753,6.64994239403537,3
PS10,pCPA,SA,20,1,39.1207059314997,28.8384572478524,5.60913029373568,2
PS11,pCPA,SA,1,0,1.10461023149873,10.3210673812386,1.28203066801221,0
PS11,pCPA,SA,2,0,9.92379592237213,21.3393876014254,7.47037197311216,0
PS11,pCPA,SA,3,0,6.14431588412303,13.4689315855698,8.95196869657219,2
PS11,pCPA,SA,4,1,45.8879515056294,30.3149957428678,6.87193165330883,3
PS11,pCPA,SA,5,0,6.23106339645698,23.3327546446474,7.25749154035063,3
PS11,pCPA,SA,6,1,49.7901074711941,16.190752313925,6.24088371942373,2
PS11,pCPA,SA,7,0,10.6726203856589,27.4280028511757,1.05471483901627,0
PS11,pCPA,SA,8,1,30.0862152135763,25.0154974674335,8.74454503469898,3
PS11,pCPA,SA,9,0,6.58488163159665,24.0470852648471,5.22275407853114,0
PS11,pCPA,SA,10,1,31.2214675052916,21.6288834553592,8.35333854187179,1
PS11,pCPA,SA,11,0,0.463511664850989,14.4311369885663,5.71271793110186,0
PS11,pCPA,SA,12,1,54.1346929250484,21.5675944531598,7.98367410096021,2
PS11,pCPA,SA,13,0,6.92772713542547,25.0381643725832,8.35290572833482,3
PS11,pCPA,SA,14,1,58.9765441706227,19.8963347625562,3.64371738240295,3
PS11,pCPA,SA,15,0,2.12964929162983,11.5184312698144,1.37951369936916,3
PS11,pCPA,SA,16,1,42.9517071089795,10.9665135457726,4.63852432628315,1
PS11,pCPA,SA,17,0,5.81783926841807,14.422459287937,6.95743069752745,0
PS11,pCPA,SA,18,1,52.3438929005373,15.7059603497188,10.7770278273821,2
PS11,pCPA,SA,19,0,3.65054394221501,11.4618493436158,5.2452604013097,1
PS11,pCPA,SA,20,1,39.0228516367842,23.3768826031153,4.06076374253967,2
PS12,pCPA,SA,1,0,7.16354843327692,20.5423789224952,10.1738441525554,2
PS12,pCPA,SA,2,0,3.52142642342976,10.1709246852618,1.52612299683572,3
PS12,pCPA,SA,3,0,8.52068271389696,15.5484670141199,8.32096232731283,1
PS12,pCPA,SA,4,1,58.9989088153122,21.8736552607748,6.56039993267511,0
PS12,pCPA,SA,5,0,6.40250948357559,13.663822017137,3.15722425013385,0
PS12,pCPA,SA,6,1,31.8692886100849,20.9301347684557,7.98007370617608,2
PS12,pCPA,SA,7,0,5.01592037111111,12.1650513009096,2.94711190246932,0
PS12,pCPA,SA,8,1,49.2896698047671,28.9818515881753,8.1573711628382,2
PS12,pCPA,SA,9,0,5.67334445665824,17.1876346163507,6.27994651196237,0
PS12,pCPA,SA,10,1,51.5345260428065,10.9631090438057,3.76601473666353,3
PS12,pCPA,SA,11,0,0.193647348118562,21.838198786839,4.45226363836624,3
PS12,pCPA,SA,12,1,33.6816642782686,15.708057398235,5.47340465857272,2
PS12,pCPA,SA,13,0,6.5464503273876,26.47078932407,10.9116276422257,3
PS12,pCPA,SA,14,1,44.3639692757892,29.0557522970799,1.29741224098697,0
PS12,pCPA,SA,15,0,8.90545392108566,24.8174434614563,4.0305730656497,2
PS12,pCPA,SA,16,1,33.0851971351758,16.0490621777504,7.2658794778987,1
PS12,pCPA,SA,17,0,6.28371455288513,15.3214511925714,3.74466461832417,3
PS12,pCPA,SA,18,1,50.0649652257656,30.2919209611618,7.95791988507926,3
PS12,pCPA,SA,19,0,10.2527189537581,11.1843312451935,9.53767365448584,3
PS12,pCPA,SA,20,1,50.9623239832123,21.2328796120338,4.2231470081353,1
CC1,VEH,CTRL,1,0,1.81598135334918,21.717163846795,5.06312619233944,0
CC1,VEH,CTRL,2,0,5.37045391398719,27.8726253782517,4.24254998396323,2
CC1,VEH,CTRL,3,0,11.0237598491006,17.3372720413014,3.02072295198747,3
CC1,VEH,CTRL,4,1,37.7924616538476,16.8361458571616,4.72389447579964,2
CC1,VEH,CTRL,5,0,10.1653941304605,28.2744599321326,8.40173728109612,3
CC1,VEH,CTRL,6,1,37.199575765341,12.5415979344506,4.60483548169587,0
CC1,VEH,CTRL,7,0,3.6837304092137,23.4203219586317,9.79539354316988,2
CC1,VEH,CTRL,8,1,21.8617292536702,21.1575065260711,6.02006192473813,2
CC1,VEH,CTRL,9,0,18.9143707059542,10.1884619803309,1.11154919023932,3
CC1,VEH,CTRL,10,1,38.3812862347497,12.4243520526961,9.03888463327076,2
CC1,VEH,CTRL,11,0,25.851400058062,23.2079930126305,7.79239680828051,1
CC1,VEH,CTRL,12,1,30.3899450313816,21.5416685002823,6.48132458296947,1
CC1,VEH,CTRL,13,0,30.303395710446,29.1682473203056,6.93859607560218,1
CC1,VEH,CTRL,14,1,23.036410105962,23.6124858081289,3.51052122565428,1
CC1,VEH,CTRL,15,0,11.4416025587313,23.4963623064452,10.7186843696305,2
CC1,VEH,CTRL,16,1,24.490401149609,17.7440572956074,7.03099999136946,0
CC1,VEH,CTRL,17,0,21.562108690283,30.5789252184733,4.05736341595967,1
CC1,VEH,CTRL,18,1,11.5117997681081,15.8087433455622,2.91909259717148,1
CC1,VEH,CTRL,19,0,22.1623808690461,29.9009805777507,6.66763307141903,3
CC1,VEH,CTRL,20,1,20.0833257248496,25.600314591441,9.34129545173871,2
CC2,VEH,CTRL,1,0,12.6770103592618,13.6058073010886,3.93683431188636,1
CC2,VEH,CTRL,2,0,10.0643864931085,23.4245523718718,1.95227757964085,0
CC2,VEH,CTRL,3,0,3.28681520257613,19.9622737404482,8.43998845016075,1
CC2,VEH,CTRL,4,1,45.9980735316879,13.1659574728622,1.92612104169701,2
CC2,VEH,CTRL,5,0,3.3814304532545,15.6185236322938,5.6014512990183,2
CC2,VEH,CTRL,6,1,33.9715387464151,26.7404402538881,2.6185480347515,0
CC2,VEH,CTRL,7,0,26.6310354905838,19.1942698628777,3.97329778730848,0
CC2,VEH,CTRL,8,1,40.8064690766439,21.8186052428434,1.80215092080615,0
CC2,VEH,CTRL,9,0,30.2687527581723,22.096852454455,4.0172722480229,1
CC2,VEH,CTRL,10,1,31.0750853121672,12.7839374108786,10.4172681597146,3
CC2,VEH,CTRL,11,0,14.2823733902137,11.6929442657184,8.67624302576123,3
CC2,VEH,CTRL,12,1,36.2379827372313,25.7998795732925,6.80126980983875,1
CC2,VEH,CTRL,13,0,22.2702267845134,21.9266373526786,1.32954913593481,0
CC2,VEH,CTRL,14,1,17.6980674013617,18.8621836168459,10.5059226193706,2
CC2,VEH,CTRL,15,0,22.6258749426881,24.85967862387,1.37950948197587,1
CC2,VEH,CTRL,16,1,30.5846696743831,28.010336906892,2.42626740969964,2
CC2,VEH,CTRL,17,0,5.91151660157501,13.1794939464788,1.63956170921027,3
CC2,VEH,CTRL,18,1,27.3265940987849,23.2844246706006,7.40821318041237,1
CC2,VEH,CTRL,19,0,23.9925967566412,20.456593583178,9.78772623807264,3
CC2,VEH,CTRL,20,1,18.5819207907326,24.9794481531879,3.49423467436701,1
CC3,VEH,CTRL,1,0,6.85823663918686,26.6771818169889,3.70887677664707,0
CC3,VEH,CTRL,2,0,23.1229175804783,22.8973419217378,8.24824387242715,0
CC3,VEH,CTRL,3,0,30.0912428249005,25.3061210416058,3.25423874250613,1
CC3,VEH,CTRL,4,1,42.6899959679837,25.7798796737004,7.58293436443679,1
CC3,VEH,CTRL,5,0,7.60020946088674,28.5781792418042,8.17144928314695,0
CC3,VEH,CTRL,6,1,31.1498766354708,24.1695347350153,8.9395551703423,3
CC3,VEH,CTRL,7,0,22.5738974731613,12.2211027383726,9.61714783334902,0
CC3,VEH,CTRL,8,1,27.9827828639748,20.2831998805048,9.73875835643109,3
CC3,VEH,CTRL,9,0,2.02475954087269,12.7085386610864,1.20331334432297,1
CC3,VEH,CTRL,10,1,21.9942980306622,10.112256305827,5.90407261434141,1
CC3,VEH,CTRL,11,0,29.7452395240592,16.2121436089481,1.1280192435408,2
CC3,VEH,CTRL,12,1,26.6123617946107,26.4748334506559,2.98616183727543,3
CC3,VEH,CTRL,13,0,12.1701947170959,21.5562158463136,10.0288718691069,1
CC3,VEH,CTRL,14,1,11.3696466464421,29.8256748434477,5.3138027109983,1
CC3,VEH,CTRL,15,0,10.3754136703684,11.8969460679162,1.95237344467083,3
CC3,VEH,CTRL,16,1,29.4063355834949,27.0543339578085,9.38394165711262,1
CC3,VEH,CTRL,17,0,9.59194698185181,11.5350350224156,8.21869759409775,2
CC3,VEH,CTRL,18,1,11.7296521999878,18.3242966748361,6.48979846986809,2
CC3,VEH,CTRL,19,0,15.3681404947671,18.2724798334681,5.05500947769112,2
CC3,VEH,CTRL,20,1,21.084990880172,17.2427576785642,8.07265830451921,2
CC4,VEH,CTRL,1,0,7.48317147038895,13.9548695826572,9.30046938679825,2
CC4,VEH,CTRL,2,0,5.61103161177928,20.2768683708885,6.1361445383482,0
CC4,VEH,CTRL,3,0,5.39145155154721,30.8679347989141,5.78258354079257,1
CC4,VEH,CTRL,4,1,34.4577168013237,30.3945375226573,5.19063905355197,1
CC4,VEH,CTRL,5,0,0.52986192570015,29.8285275893433,10.7259633206544,3
CC4,VEH,CTRL,6,1,31.3076851475574,10.4120340038356,8.64122554850542,1
CC4,VEH,CTRL,7,0,24.4160984149459,23.2239501283932,10.7332265201644,0
CC4,VEH,CTRL,8,1,36.1523733703647,16.1967957981799,3.59050263431824,0
CC4,VEH,CTRL,9,0,16.66023603681,28.162225961109,7.00573438125447,3
CC4,VEH,CTRL,10,1,45.4404674759742,28.8507159569229,5.9301031736185,1
CC4,VEH,CTRL,11,0,9.02282979517863,23.2592593665283,9.58731874867076,2
CC4,VEH,CTRL,12,1,44.2905463555518,21.1725141307713,10.5220418377598,3
CC4,VEH,CTRL,13,0,3.40294519189477,11.8127615284815,3.29436530845727,2
CC4,VEH,CTRL,14,1,20.1366114802243,30.2927425665606,4.70116631645438,2
CC4,VEH,CTRL,15,0,7.40092232236753,14.511195484144,5.5222031554145,3
CC4,VEH,CTRL,16,1,27.6181506153997,18.7228533058162,4.28445491321619,3
CC4,VEH,CTRL,17,0,12.5750745318453,28.1391798947355,3.9391037734154,1
CC4,VEH,CTRL,18,1,13.2429830212102,22.9076530863216,2.80516170686303,2
CC4,VEH,CTRL,19,0,23.0954277761376,17.9633646060284,9.36607547943975,2
CC4,VEH,CTRL,20,1,20.9994550860021,22.7970710794076,8.66713591099868,0
CC5,VEH,CTRL,1,0,17.3508493945883,23.2798157585784,8.85073756633287,3
CC5,VEH,CTRL,2,0,20.2327824702357,16.2634505800202,6.92916188776352,1
CC5,VEH,CTRL,3,0,1.17741091149114,19.6567596772479,3.35709889560563,3
CC5,VEH,CTRL,4,1,26.4845367633958,11.079665727594,5.84584142388928,1
CC5,VEH,CTRL,5,0,28.0641543732357,29.3799874969332,10.4894795012332,3
CC5,VEH,CTRL,6,1,38.4883787360934,28.2191276362255,4.19963747044841,1
CC5,VEH,CTRL,7,0,14.7722420830024,11.5599394350178,10.7515372310914,0
CC5,VEH,CTRL,8,1,21.571493492569,26.4109034538449,1.33270156387543,3
CC5,VEH,CTRL,9,0,29.8403205983502,10.1633284588064,7.22968623450923,0
CC5,VEH,CTRL,10,1,28.3083157815083,28.3663543890709,1.68892506241559,2
CC5,VEH,CTRL,11,0,12.8614582707001,24.9942736657122,10.8452329275601,0
CC5,VEH,CTRL,12,1,38.562613793024,25.4118960838202,2.16971440972478,3
CC5,VEH,CTRL,13,0,2.88894505425916,27.5157543564159,1.68233548382961,3
CC5,VEH,CTRL,14,1,26.6885945137857,12.5892630908714,3.4218496585621,3
CC5,VEH,CTRL,15,0,1.52702532276334,25.8370035808944,2.21517742071487,1
CC5,VEH,CTRL,16,1,17.2218380757444,27.0841951636996,6.69826215407761,2
CC5,VEH,CTRL,17,0,15.5093896861157,18.2092700853567,2.64296940618533,3
CC5,VEH,CTRL,18,1,28.8703226913843,28.5576749002612,4.30888861933475,0
CC5,VEH,CTRL,19,0,23.5993635094149,11.0899303614607,3.62809971105515,2
CC5,VEH,CTRL,20,1,26.8558559603568,18.8539072581732,1.37459809760746,1
CC6,VEH,CTRL,1,0,26.1119206402243,22.9699351081269,10.2996891316073,1
CC6,VEH,CTRL,2,0,12.7781055233995,21.5610344959028,5.29984494801941,3
CC6,VEH,CTRL,3,0,4.39851118795089,30.1534660355099,7.6972102120868,0
CC6,VEH,CTRL,4,1,24.2648636365418,26.1022364313246,8.11310015308868,3
CC6,VEH,CTRL,5,0,12.9446166988081,10.5420546246555,4.99999828450194,2
CC6,VEH,CTRL,6,1,39.4817621304576,11.7633223808866,7.13490930804711,1
CC6,VEH,CTRL,7,0,21.3314179912099,11.275731178756,2.08330394036909,3
CC6,VEH,CTRL,8,1,30.2432067002577,18.3908739094021,3.17389242899818,1
CC6,VEH,CTRL,9,0,2.12701331974193,13.2856806081659,2.22421908476287,3
CC6,VEH,CTRL,10,1,29.6076491533445,25.0022998703551,10.4458567460436,1
CC6,VEH,CTRL,11,0,5.29420594154061,29.5470494093534,1.89866193309134,2
CC6,VEH,CTRL,12,1,31.1269706013736,18.8685929150993,6.14185873978558,2
CC6,VEH,CTRL,13,0,5.1484679083293,15.7220652715986,7.53402734629684,1
CC6,VEH,CTRL,14,1,24.5205877617192,26.3818573316107,9.15085044666834,0
CC6,VEH,CTRL,15,0,17.2543044658165,24.889173863334,3.22091335415317,1
CC6,VEH,CTRL,16,1,27.6057255273846,30.141296796858,3.00792691287955,1
CC6,VEH,CTRL,17,0,29.2964327737175,12.3903590785083,2.75008981895487,0
CC6,VEH,CTRL,18,1,14.3769375434888,29.5511274429511,10.8008256775069,1
CC6,VEH,CTRL,19,0,10.6443251062872,16.6011419652717,4.85361284349647,0
CC6,VEH,CTRL,20,1,23.9950268011211,24.7636027253088,5.87123067430253,2
CC7,VEH,CTRL,1,0,4.83439644284301,28.9926574415581,2.28353366607447,2
CC7,VEH,CTRL,2,0,30.7310328450113,15.034023232774,10.3782623693204,3
CC7,VEH,CTRL,3,0,1.18405017524481,11.3151669495711,4.20587394077053,1
CC7,VEH,CTRL,4,1,21.7201331266283,21.9521849899391,10.2712199246323,1
CC7,VEH,CTRL,5,0,15.4396300224833,10.8586685152089,2.54803372585734,2
CC7,VEH,CTRL,6,1,45.4280839123464,28.6163762652064,10.3697118972113,2
CC7,VEH,CTRL,7,0,10.9251229714369,16.1071403107069,3.87098994150675,1
CC7,VEH,CTRL,8,1,23.238665190667,21.916368920047,10.1817501753104,1
CC7,VEH,CTRL,9,0,25.1240130562899,21.2822689002598,7.26315335359124,3
CC7,VEH,CTRL,10,1,23.4875468350598,24.6022873958755,9.54756597571452,1
CC7,VEH,CTRL,11,0,22.8637581300996,22.1805943070771,7.83226327625022,3
CC7,VEH,CTRL,12,1,22.8074384141894,19.9301603586759,7.35308455495422,3
CC7,VEH,CTRL,13,0,10.8853217563031,18.1519407885207,7.76506455060151,1
CC7,VEH,CTRL,14,1,19.114199335827,23.9709892339521,2.46327356588467,3
CC7,VEH,CTRL,15,0,27.8755002194377,26.4436798383143,9.23792878981662,1
CC7,VEH,CTRL,16,1,24.1936381077828,20.4086861603029,3.03890924446651,2
CC7,VEH,CTRL,17,0,7.55390898730109,28.5376073451366,1.55821771602048,2
CC7,VEH,CTRL,18,1,17.3601109644669,17.5154729785592,5.44309992346602,0
CC7,VEH,CTRL,19,0,29.8884590024196,22.3504453835809,2.75406232883966,0
CC7,VEH,CTRL,20,1,22.3693990749324,27.7916646255141,6.04421120732009,0
CC8,VEH,CTRL,1,0,21.1563815594246,26.2657583362293,4.5106872452604,2
CC8,VEH,CTRL,2,0,8.75600294937857,13.6148540345364,1.33627986657018,3
CC8,VEH,CTRL,3,0,12.9421007966277,13.0898339027274,5.45276757632832,3
CC8,VEH,CTRL,4,1,25.2418404620584,23.5605194119334,3.40225853253118,3
CC8,VEH,CTRL,5,0,3.32737183798609,10.2350121907343,6.77828765802044,3
CC8,VEH,CTRL,6,1,35.2899517895742,27.4086442084427,10.5424436345661,1
CC8,VEH,CTRL,7,0,23.5432826728492,13.2420982309782,6.72549218846459,3
CC8,VEH,CTRL,8,1,26.8600600294135,10.7730552837833,2.34708722623792,2
CC8,VEH,CTRL,9,0,14.9768966839591,23.3655730645695,1.53796076934266,0
CC8,VEH,CTRL,10,1,28.86985250987,21.7978007221554,10.8517838331094,2
CC8,VEH,CTRL,11,0,18.3032556941738,25.8293365765747,4.20523967968648,0
CC8,VEH,CTRL,12,1,38.1020310476102,14.3502567006194,10.8645397845121,2
CC8,VEH,CTRL,13,0,17.1407766136842,30.4977996751158,1.83536686765198,3
CC8,VEH,CTRL,14,1,30.3874344473895,16.5139174887652,8.06817838139103,3
CC8,VEH,CTRL,15,0,7.46656469712903,15.4613997517777,1.04392130833368,2
CC8,VEH,CTRL,16,1,20.6270839887845,29.7380654794164,4.96578141582311,0
CC8,VEH,CTRL,17,0,13.5735119164032,13.1606911237668,5.82232566143,0
CC8,VEH,CTRL,18,1,24.6653464073365,12.9295934331678,8.17775527528786,1
CC8,VEH,CTRL,19,0,29.6334242252106,11.5367554765482,9.44992979240059,2
CC8,VEH,CTRL,20,1,22.9368968531739,27.6248743574491,3.38846317451146,2
CC9,VEH,CTRL,1,0,11.4357600303336,27.2116322161234,10.9473455559926,3
CC9,VEH,CTRL,2,0,19.0394331900183,10.3086889068189,8.0688926691095,0
CC9,VEH,CTRL,3,0,30.8843836665413,17.299864947817,8.9320142305526,1
CC9,VEH,CTRL,4,1,33.4452814111216,12.8169363373547,2.78686722780221,2
CC9,VEH,CTRL,5,0,25.4030837990312,14.4147554275546,9.49315389455666,2
CC9,VEH,CTRL,6,1,34.3128541905858,29.3222329632526,10.4817865648911,3
CC9,VEH,CTRL,7,0,24.4553011538116,13.393305115199,4.88719845716148,1
CC9,VEH,CTRL,8,1,44.7742688944724,28.5011480048704,6.60515196197838,3
CC9,VEH,CTRL,9,0,8.15831948678235,13.2967733732555,8.17674366448587,2
CC9,VEH,CTRL,10,1,36.6523364515241,19.6603081576239,8.61055247055686,1
CC9,VEH,CTRL,11,0,28.2171984463559,25.0553969538161,8.16681947898741,2
CC9,VEH,CTRL,12,1,24.8388608705922,25.5164914849674,4.9727106495231,0
CC9,VEH,CTRL,13,0,6.82208196095111,24.1745054645708,4.26843174353974,2
CC9,VEH,CTRL,14,1,22.6788044257123,30.9055371491913,4.30363144181417,3
CC9,VEH,CTRL,15,0,28.3810727675156,18.8273146897189,2.74863277702304,0
CC9,VEH,CTRL,16,1,16.4601625543843,22.8574399387755,4.94626632612463,2
CC9,VEH,CTRL,17,0,5.49670400002939,13.9490072348635,7.9867546321569,1
CC9,VEH,CTRL,18,1,15.3043957835679,27.9667624418696,6.08388892515307,0
CC9,VEH,CTRL,19,0,19.7153890065645,29.7116764625722,4.71958434195643,2
CC9,VEH,CTRL,20,1,26.9390054818586,16.3482111389818,4.14410542432226,0
CC10,VEH,CTRL,1,0,21.2109479854097,23.4378486093052,10.7253684172566,0
CC10,VEH,CTRL,2,0,15.9403941174025,14.5156476046784,7.85303643642621,1
CC10,VEH,CTRL,3,0,30.3451162575923,28.6687494223776,3.61032460362804,1
CC10,VEH,CTRL,4,1,34.1721583872868,22.6986749462076,3.99738305730882,2
CC10,VEH,CTRL,5,0,8.85570722723732,27.0029929780931,2.30759969382901,0
CC10,VEH,CTRL,6,1,21.76315387174,29.1997530835955,6.85363739378625,1
CC10,VEH,CTRL,7,0,2.14834071578528,14.3301597155109,6.02639084556965,0
CC10,VEH,CTRL,8,1,40.5059951754262,27.4866439090976,5.45128774509789,0
CC10,VEH,CTRL,9,0,23.7103825878471,26.1134201253877,3.6322252455335,2
CC10,VEH,CTRL,10,1,44.0709746636342,21.1090614761532,3.98430017253902,1
CC10,VEH,CTRL,11,0,22.801336194143,23.7261186426391,6.28844156795085,0
CC10,VEH,CTRL,12,1,28.1362074768108,11.2749764661932,9.39694248229673,1
CC10,VEH,CTRL,13,0,19.1399002221143,24.260491141399,8.24875028894563,1
CC10,VEH,CTRL,14,1,23.2097907243672,14.4471841482756,3.75013066444685,3
CC10,VEH,CTRL,15,0,25.8422222563155,13.8116404990294,7.03099681384991,0
CC10,VEH,CTRL,16,1,20.5821393382046,23.2310505329006,5.62157071350909,3
CC10,VEH,CTRL,17,0,3.71514636935058,28.7673804477735,7.87617199761557,2
CC10,VEH,CTRL,18,1,29.7891887475879,20.5431010316567,3.66624324807149,2
CC10,VEH,CTRL,19,0,20.2312765736291,25.2605840207639,1.8525956574539,1
CC10,VEH,CTRL,20,1,27.5008009728079,16.997210082366,5.02543186626922,1
CC11,VEH,CTRL,1,0,3.55061329948842,15.1686472150171,1.69624376165952,3
CC11,VEH,CTRL,2,0,25.2162842446122,13.2557018612175,4.3041808295913,2
CC11,VEH,CTRL,3,0,0.0829973186438466,27.4954147309305,4.32053886837652,0
CC11,VEH,CTRL,4,1,25.5782525036831,19.4738142536381,6.26806559921688,0
CC11,VEH,CTRL,5,0,3.24562563202634,22.4720472329734,1.12258650914675,2
CC11,VEH,CTRL,6,1,36.9379246393836,25.6578264624756,4.5348000862332,0
CC11,VEH,CTRL,7,0,8.10131762694481,22.6611458135494,10.963333470071,2
CC11,VEH,CTRL,8,1,37.2109951897368,25.1427492406581,8.22643530189101,1
CC11,VEH,CTRL,9,0,19.0176869790475,25.6023555588273,5.85782836690161,3
CC11,VEH,CTRL,10,1,27.1450579442858,25.6652869779756,5.26479011410579,1
CC11,VEH,CTRL,11,0,29.984148656554,12.583106934791,7.81183670422234,0
CC11,VEH,CTRL,12,1,42.769840908308,12.2400537683125,7.9973343834409,0
CC11,VEH,CTRL,13,0,0.0165809327074507,19.6754424776978,9.66641563883951,3
CC11,VEH,CTRL,14,1,11.4854000881117,17.8850721089909,3.49281148222741,0
CC11,VEH,CTRL,15,0,3.16287696198325,20.3522778877198,1.25117059410815,3
CC11,VEH,CTRL,16,1,20.2533106642561,15.4016638221952,7.80110891374563,1
CC11,VEH,CTRL,17,0,1.34061237636152,28.851438477142,5.91525180480425,1
CC11,VEH,CTRL,18,1,16.2292833952743,19.3826285798365,1.70533420247066,2
CC11,VEH,CTRL,19,0,14.9325266987333,14.4511499633864,2.95260503907902,3
CC11,VEH,CTRL,20,1,22.2894554743512,27.3640747039578,2.15466852476789,3
CC12,VEH,CTRL,1,0,20.7736494822632,12.8769600998225,9.42731267931605,1
CC12,VEH,CTRL,2,0,9.01825305160062,23.2195676393204,6.23093548890357,3
CC12,VEH,CTRL,3,0,3.13819498214913,24.7572421862996,3.39109439118485,2
CC12,VEH,CTRL,4,1,38.5071602121758,28.3663081231509,7.79443971592889,0
CC12,VEH,CTRL,5,0,25.0206720431749,16.9711410993889,9.81304283719721,1
CC12,VEH,CTRL,6,1,44.8401391290576,15.4173941247546,6.69393101514028,0
CC12,VEH,CTRL,7,0,4.94146104664892,21.6092440650134,3.77936496191558,0
CC12,VEH,CTRL,8,1,26.2108903254868,29.4121455047704,1.95363384980056,2
CC12,VEH,CTRL,9,0,27.784113151727,17.4900711281538,9.44324062374813,0
CC12,VEH,CTRL,10,1,41.8067546415193,14.6803119272698,8.62203066444892,0
CC12,VEH,CTRL,11,0,1.77915939369544,20.4158122830906,6.84306820837118,2
CC12,VEH,CTRL,12,1,27.5034918972232,25.3898926171698,9.47035643224551,2
CC12,VEH,CTRL,13,0,13.8997849828267,23.9928517897498,2.7594753489827,0
CC12,VEH,CTRL,14,1,21.2621090742149,14.9834758344186,1.76023780654881,2
CC12,VEH,CTRL,15,0,17.5346368362784,18.5003277191251,9.20397936015402,3
CC12,VEH,CTRL,16,1,25.9039696623987,18.3739168710528,5.18921681298843,1
CC12,VEH,CTRL,17,0,8.75681231516862,10.7592979521414,3.44837372692168,0
CC12,VEH,CTRL,18,1,23.2821803781082,13.95485660088,5.89733921111596,2
CC12,VEH,CTRL,19,0,19.463229185368,30.8422941972154,1.76494650527154,1
CC12,VEH,CTRL,20,1,24.3551168026263,10.1547067590416,1.11643467933711,2
CS1,VEH,SA,1,0,14.0325137859055,31.2581045394279,8.64073601752498,3
CS1,VEH,SA,2,0,5.9394153329932,37.824857536588,9.38861252455321,5
CS1,VEH,SA,3,0,21.1563703059847,47.719467310003,2.97646088732191,3
CS1,VEH,SA,4,1,8.59731137989252,36.3211298445094,1.27715330762441,36
CS1,VEH,SA,5,0,25.0798734306063,20.0488292958475,8.36869049955473,4
CS1,VEH,SA,6,1,4.22006083836779,34.3960878427981,3.3309651485933,39
CS1,VEH,SA,7,0,6.92662553423316,48.2326302756133,7.72149982382602,3
CS1,VEH,SA,8,1,0.419948447756563,47.0530402705854,6.81596914965218,28
CS1,VEH,SA,9,0,15.485936951893,36.7652783545036,10.6671635855754,12
CS1,VEH,SA,10,1,7.19748594369823,27.3811396400753,9.60384388941263,13
CS1,VEH,SA,11,0,14.1632447090957,48.3113969778724,3.57577885908806,26
CS1,VEH,SA,12,1,8.77942338700829,26.9774721768769,6.4772851438305,35
CS1,VEH,SA,13,0,0.58354316651977,32.0062346136452,4.18232988382546,24
CS1,VEH,SA,14,1,9.82484674527524,28.944865052629,3.54243077221014,30
CS1,VEH,SA,15,0,21.8400483452065,21.7449073452204,1.10848155409036,12
CS1,VEH,SA,16,1,5.18867765944943,27.343127062525,9.81515194879023,16
CS1,VEH,SA,17,0,15.1207359519625,29.1014086919574,7.17763194562031,6
CS1,VEH,SA,18,1,7.98407269113771,44.1525285499615,5.69085043612254,21
CS1,VEH,SA,19,0,17.4292067185766,24.9364379806701,5.85801450621948,23
CS1,VEH,SA,20,1,5.55765912803263,43.9464819638252,5.43239102891795,11
CS2,VEH,SA,1,0,15.3911988334663,37.6565550964719,2.63846660757027,23
CS2,VEH,SA,2,0,11.6236403854259,44.5160664292494,6.69937257256026,5
CS2,VEH,SA,3,0,0.390088418265955,17.4251500277183,8.7276764408553,26
CS2,VEH,SA,4,1,8.56091680688929,34.0317132365993,10.6376808127466,28
CS2,VEH,SA,5,0,17.4940950660009,39.4443855298846,5.29964359053038,28
CS2,VEH,SA,6,1,6.55666143054572,19.5781255502132,10.0015902960661,31
CS2,VEH,SA,7,0,20.7895598521819,16.8017248466838,3.99393987334869,26
CS2,VEH,SA,8,1,4.80056749089575,34.0145670786944,3.50142429310138,14
CS2,VEH,SA,9,0,23.0507765869424,16.6060650871304,9.39012773474848,21
CS2,VEH,SA,10,1,6.56164217093281,38.4371176982452,2.99199618417484,29
CS2,VEH,SA,11,0,0.563662183662615,24.2691681008477,10.5658555754758,21
CS2,VEH,SA,12,1,3.03812084551851,24.0934741044642,9.66378796740368,17
CS2,VEH,SA,13,0,21.5856008360118,22.4940077286784,7.47304729972724,26
CS2,VEH,SA,14,1,8.38732634998928,41.1779913532045,8.31597879849347,35
CS2,VEH,SA,15,0,27.9980869568414,35.2130571241668,8.99340684778492,5
CS2,VEH,SA,16,1,10.8348958391353,31.3800226717131,2.23943917803767,26
CS2,VEH,SA,17,0,22.6370973057645,45.1495733452656,6.72976793954613,9
CS2,VEH,SA,18,1,2.57540541818823,19.6910032312292,2.78580692953665,13
CS2,VEH,SA,19,0,13.7128613823724,25.9438208886706,5.52161391006187,6
CS2,VEH,SA,20,1,5.5205378084918,34.7242759554394,4.49734578370908,30
CS3,VEH,SA,1,0,20.2916560935536,28.2541345765756,6.76106891617626,30
CS3,VEH,SA,2,0,8.35875578544036,44.2301190834113,10.676815087954,22
CS3,VEH,SA,3,0,14.8696427690049,45.2749816637132,10.6099060172672,5
CS3,VEH,SA,4,1,6.93498249996686,47.7297560029719,9.33430310597723,13
CS3,VEH,SA,5,0,1.26996305497466,37.678485313412,7.02216394076122,5
CS3,VEH,SA,6,1,4.13296512114589,21.1583369498601,10.7078950003384,27
CS3,VEH,SA,7,0,7.95719139530302,18.0627735514204,10.356822931737,15
CS3,VEH,SA,8,1,3.12511521479853,27.0745911174345,6.75562271770023,33
CS3,VEH,SA,9,0,24.3025920267729,29.073582666517,5.71531041123385,22
CS3,VEH,SA,10,1,7.20417984245189,20.7603634454031,5.14818523614698,34
CS3,VEH,SA,11,0,5.39328312308299,27.0060184941788,7.60672740996298,7
CS3,VEH,SA,12,1,2.06771407281645,39.7119432492191,1.98482162523048,18
CS3,VEH,SA,13,0,6.1829372512962,31.1759603370317,8.96065911798994,26
CS3,VEH,SA,14,1,6.07290235366278,18.032874520884,9.96997268723253,13
CS3,VEH,SA,15,0,21.5959242962696,19.8499979115492,2.44113101942395,0
CS3,VEH,SA,16,1,10.4112331064483,24.9721019031565,8.48222662399656,24
CS3,VEH,SA,17,0,11.146523113759,33.5963640173653,9.24257122341261,10
CS3,VEH,SA,18,1,5.29873103367963,42.6926430412303,7.5238548823852,36
CS3,VEH,SA,19,0,8.28674032285848,18.2560392684525,4.60442754694503,24
CS3,VEH,SA,20,1,9.00524732770967,34.817085016554,4.4385620093035,40
CS4,VEH,SA,1,0,4.82060429535877,48.6022696622041,7.47560388615833,4
CS4,VEH,SA,2,0,6.11573052554788,36.2923750781476,6.70318266135983,12
CS4,VEH,SA,3,0,26.5037794809522,26.153662334457,6.92544821772668,23
CS4,VEH,SA,4,1,9.55843657019428,42.926875990871,5.4833543426351,26
CS4,VEH,SA,5,0,16.9342906047475,28.1880564857449,10.6167259098535,17
CS4,VEH,SA,6,1,11.5279097174832,33.1274114932556,5.3537898653787,22
CS4,VEH,SA,7,0,14.4382650446685,42.5376282649413,4.24041721558781,27
CS4,VEH,SA,8,1,3.78319127723927,15.4919947964495,5.05468542396508,31
CS4,VEH,SA,9,0,3.39695741136488,36.3890368235814,1.97845930798529,10
CS4,VEH,SA,10,1,3.901526630555,39.1836333279365,7.55222393094464,13
CS4,VEH,SA,11,0,11.0312437483526,38.280500070928,3.96817193787989,30
CS4,VEH,SA,12,1,7.80436729408828,44.5081964161228,1.35867161194523,33
CS4,VEH,SA,13,0,20.5054924367274,41.6578091980169,7.34879249657803,19
CS4,VEH,SA,14,1,5.14478620929001,33.4625515072213,1.43814863340429,30
CS4,VEH,SA,15,0,18.74463842367,15.2437310940928,4.96304934562378,8
CS4,VEH,SA,16,1,1.12491331415163,44.0858630541039,7.95400039562624,40
CS4,VEH,SA,17,0,3.58210739396134,41.1431962858088,5.51669107407975,14
CS4,VEH,SA,18,1,2.33899974404368,24.0351577354124,1.49973127939724,33
CS4,VEH,SA,19,0,7.74072671142557,30.2257357881351,8.21625823298862,6
CS4,VEH,SA,20,1,4.23479966751969,24.0134823203274,1.35068213679306,32
CS5,VEH,SA,1,0,22.2818447369189,42.7696906749943,10.037099407748,2
CS5,VEH,SA,2,0,23.8253139696677,28.0236950950732,5.04675827748346,16
CS5,VEH,SA,3,0,3.90014252091133,21.0927465128127,3.6100250053366,22
CS5,VEH,SA,4,1,6.32964591231736,21.2083220582834,9.73488892689623,28
CS5,VEH,SA,5,0,11.6021789312967,28.6386614985931,4.76425552172833,11
CS5,VEH,SA,6,1,4.79678528456085,45.7164291253251,1.08183842479034,31
CS5,VEH,SA,7,0,15.8263111023041,37.7976822992434,10.5269446329623,5
CS5,VEH,SA,8,1,11.7360739940417,34.1931601422746,8.6148580588025,17
CS5,VEH,SA,9,0,6.39906468826877,23.0391665360666,2.83862756669958,9
CS5,VEH,SA,10,1,1.44007580562711,34.9975245300606,10.1254832934059,30
CS5,VEH,SA,11,0,12.1115734268211,38.4104065803531,9.8989649003723,22
CS5,VEH,SA,12,1,8.87722630459294,47.0221441934071,3.85342204638046,12
CS5,VEH,SA,13,0,25.4382250431804,33.7498470727173,10.457182279952,23
CS5,VEH,SA,14,1,8.94181039443531,26.2211547517554,2.44632901921352,32
CS5,VEH,SA,15,0,5.87220260942735,32.4804421509994,6.49027751673579,14
CS5,VEH,SA,16,1,0.159950517015671,22.9568906260976,7.65757662991227,31
CS5,VEH,SA,17,0,5.20988075348101,22.2868493325557,6.80049211175311,13
CS5,VEH,SA,18,1,6.33166941568253,39.7103676044698,10.6910843825305,34
CS5,VEH,SA,19,0,20.4184824034891,28.0764951360602,8.54997403165485,15
CS5,VEH,SA,20,1,0.407073691383944,46.0856511213039,3.63614344962454,38
CS6,VEH,SA,1,0,3.60009742125213,36.5309922055887,7.92478322578628,3
CS6,VEH,SA,2,0,26.8916980496174,46.1347556057062,6.40806758177531,6
CS6,VEH,SA,3,0,12.9404496984453,17.8201834565819,7.94280699921968,25
CS6,VEH,SA,4,1,8.57612276946042,35.3427572850302,3.16265875135455,16
CS6,VEH,SA,5,0,8.59447962684154,32.2435617675071,1.29243232927804,17
CS6,VEH,SA,6,1,5.74668783346469,29.7626103480127,3.65490899330955,32
CS6,VEH,SA,7,0,24.4811607521747,19.7765111064964,6.20614948208283,9
CS6,VEH,SA,8,1,2.59574503061003,28.2844351527261,2.67412441620254,40
CS6,VEH,SA,9,0,21.6481990986078,18.4104811343524,9.15948094226512,20
CS6,VEH,SA,10,1,6.94714680721541,44.098246440249,7.9324296279455,21
CS6,VEH,SA,11,0,14.7917014822833,19.1580944416488,4.75580346575813,25
CS6,VEH,SA,12,1,0.314462405945863,16.2190620461711,5.84536377675138,38
CS6,VEH,SA,13,0,14.4371038421703,16.0714701221933,2.48010117582334,24
CS6,VEH,SA,14,1,2.53072989950157,15.2120923594988,2.97105446211528,19
CS6,VEH,SA,15,0,0.421277081293122,16.631787904181,1.03452519946923,16
CS6,VEH,SA,16,1,11.4277534507022,32.2597490870846,3.68447132903078,35
CS6,VEH,SA,17,0,7.55342964132506,29.1844407000956,6.80560172326693,13
CS6,VEH,SA,18,1,6.85972357747037,20.4989347550148,8.65452626926474,38
CS6,VEH,SA,19,0,14.361402714462,17.14200579499,9.52356559841246,9
CS6,VEH,SA,20,1,3.06953800539983,16.0145918922011,1.42391689769994,26
CS7,VEH,SA,1,0,27.2561950128134,37.9010042686671,6.55607510651425,5
CS7,VEH,SA,2,0,27.5376202339802,30.017460781842,8.19545775459708,4
CS7,VEH,SA,3,0,18.3646317961329,41.0998748032333,4.00724058204434,21
CS7,VEH,SA,4,1,11.8787796570681,29.9176183469184,1.12027174351953,19
CS7,VEH,SA,5,0,23.3533408582938,18.2630572384551,4.99149055497982,25
CS7,VEH,SA,6,1,9.16016814248536,35.4134864476696,2.60557824139339,13
CS7,VEH,SA,7,0,26.0821295480925,31.3335330443881,4.70649453815823,27
CS7,VEH,SA,8,1,0.285093069149862,17.2893544818478,10.91139637761,11
CS7,VEH,SA,9,0,23.4198131601949,25.5920253835501,4.36488800155951,7
CS7,VEH,SA,10,1,4.52927391490855,20.3954304350005,9.59225508028403,26
CS7,VEH,SA,11,0,18.7293314117677,35.2366466854984,8.73858099590567,4
CS7,VEH,SA,12,1,5.83572317377937,27.4403990582453,4.74858466128562,28
CS7,VEH,SA,13,0,8.37960283279416,47.007525692168,5.42127229875976,10
CS7,VEH,SA,14,1,10.8061453831915,32.3132521897949,9.43666358896484,17
CS7,VEH,SA,15,0,17.3711717437061,44.093364579209,1.53816327169793,16
CS7,VEH,SA,16,1,3.56646154733319,39.3634460909442,2.96832737262851,34
CS7,VEH,SA,17,0,24.5123371001898,39.167301518226,2.39302894394428,29
CS7,VEH,SA,18,1,6.71058297893464,32.2649520785982,4.99401412731451,38
CS7,VEH,SA,19,0,4.76001453261146,42.3011168818867,4.73550013439228,3
CS7,VEH,SA,20,1,7.93723859346132,27.8533289988154,8.45052970395408,18
CS8,VEH,SA,1,0,21.6814479196446,32.9887453283074,4.37279799884872,27
CS8,VEH,SA,2,0,15.4652801132023,43.7653787347211,8.40534339325901,24
CS8,VEH,SA,3,0,6.08308289138521,48.4583044231065,1.37018109253118,8
CS8,VEH,SA,4,1,1.12129141476519,41.5325478623151,2.71963246754918,22
CS8,VEH,SA,5,0,0.657500337976342,32.7519716514969,8.83862128877525,29
CS8,VEH,SA,6,1,3.88106511165976,33.6492332396688,10.5473526343978,21
CS8,VEH,SA,7,0,13.0622751579045,19.1596232776929,5.87205701839376,22
CS8,VEH,SA,8,1,11.2396635989642,42.7172015465199,4.92063545844653,23
CS8,VEH,SA,9,0,8.03656840286855,19.5709954987578,7.32603426125413,23
CS8,VEH,SA,10,1,3.79972269359218,30.3352986209,2.06912617379542,11
CS8,VEH,SA,11,0,20.0782550355477,36.1072645701254,6.90882349064294,30
CS8,VEH,SA,12,1,0.508866182006029,39.0887751564217,2.43570521641752,21
CS8,VEH,SA,13,0,9.57946877808833,39.326374241277,1.34976710109159,7
CS8,VEH,SA,14,1,7.67833881535811,34.1887471913296,4.28772152420985,18
CS8,VEH,SA,15,0,23.6309337683553,47.5232188792442,5.64297591069313,29
CS8,VEH,SA,16,1,0.431557882694606,34.7555923320058,9.42229482537335,36
CS8,VEH,SA,17,0,18.8033767103981,35.0041056841034,3.19091018229003,6
CS8,VEH,SA,18,1,2.88621206651731,47.3089525037174,7.9245104531909,30
CS8,VEH,SA,19,0,22.2990802566913,41.5753365635229,7.69204565522661,20
CS8,VEH,SA,20,1,9.07561297001029,32.6281964123268,8.21186720358909,30
CS9,VEH,SA,1,0,27.9532105224833,22.2847392995714,8.29026867791833,6
CS9,VEH,SA,2,0,27.0287534716035,36.8527330192641,7.18021150642345,4
CS9,VEH,SA,3,0,16.1305903871535,25.7622823901141,5.56078851597152,4
CS9,VEH,SA,4,1,0.787309307114782,29.277276595634,6.38503809708113,33
CS9,VEH,SA,5,0,25.5295547369235,21.7926205485359,9.56757275142834,21
CS9,VEH,SA,6,1,5.12097471857448,26.0515977892369,4.94064139652291,11
CS9,VEH,SA,7,0,3.32695852596996,16.5668546296972,8.10273983184191,20
CS9,VEH,SA,8,1,7.38833498317723,41.0294783466064,3.32282330828107,26
CS9,VEH,SA,9,0,13.407357273077,41.0444569842904,3.49322598607918,21
CS9,VEH,SA,10,1,8.64049311021042,21.865860027112,10.0986606730033,24
CS9,VEH,SA,11,0,8.83605588208966,35.7244516298448,9.72387823808789,22
CS9,VEH,SA,12,1,4.11656070370264,27.5681648452819,9.95582311207899,13
CS9,VEH,SA,13,0,11.4011436608314,48.1120445831404,8.84291393336106,26
CS9,VEH,SA,14,1,2.56474356088206,27.9782407224668,1.25090022645441,23
CS9,VEH,SA,15,0,6.83118801843597,45.0765330729522,10.8929396930977,12
CS9,VEH,SA,16,1,4.58151654972518,27.4569756634969,10.2331933153685,16
CS9,VEH,SA,17,0,7.04307542293931,42.651933064484,10.2419384953888,30
CS9,VEH,SA,18,1,0.924533580524328,42.0224022470075,7.4198424083794,29
CS9,VEH,SA,19,0,21.1497706703758,16.8270416902944,4.52432736632249,10
CS9,VEH,SA,20,1,8.91500004502419,31.6244568659827,4.11198288795724,21
CS10,VEH,SA,1,0,23.7278589688625,41.6892671942124,10.382756728821,18
CS10,VEH,SA,2,0,11.1261000373048,20.6100479193315,10.0678279307399,24
CS10,VEH,SA,3,0,0.0414513190988824,32.2372231047565,8.4219646432308,0
CS10,VEH,SA,4,1,6.72623145844155,25.2019563358868,6.04923792993664,28
CS10,VEH,SA,5,0,10.430024727258,45.4704462642746,8.11536657473274,10
CS10,VEH,SA,6,1,1.58155466418055,32.7642546749779,2.98349734197951,19
CS10,VEH,SA,7,0,27.3914238584365,17.7486227376982,10.3290335773748,21
CS10,VEH,SA,8,1,9.1426549058357,47.6067165377567,5.93681311998209,31
CS10,VEH,SA,9,0,13.7950595249109,27.0254097349946,7.34400829042507,12
CS10,VEH,SA,10,1,3.43266345046427,45.4790721944581,2.51961493373514,22
CS10,VEH,SA,11,0,6.52204792241917,25.6378264682667,9.80755415213905,1
CS10,VEH,SA,12,1,5.53733758521656,38.0967401096889,7.06503914381925,26
CS10,VEH,SA,13,0,4.10167797187943,27.517182648139,7.21142633161006,14
CS10,VEH,SA,14,1,4.8009120437786,46.9210415943604,7.56796328649149,16
CS10,VEH,SA,15,0,4.77845106266803,40.9958434492395,10.9239262759686,18
CS10,VEH,SA,16,1,7.13241127411809,47.6257979452246,4.9087180546339,34
CS10,VEH,SA,17,0,18.0410530241562,38.5124784715639,9.67919075852424,11
CS10,VEH,SA,18,1,1.46377574325436,41.3493944106902,8.16965294519715,37
CS10,VEH,SA,19,0,26.2790667591396,28.5413613432292,3.89934383805286,14
CS10,VEH,SA,20,1,10.3411487065442,48.8528247983968,6.02353072995759,24
CS11,VEH,SA,1,0,5.39275263161169,24.2548065346841,2.01925528680273,15
CS11,VEH,SA,2,0,3.50800679685269,16.929911901164,4.10522262589375,11
CS11,VEH,SA,3,0,7.93181643130544,16.0935777760342,5.66237886296704,13
CS11,VEH,SA,4,1,5.92842782499852,18.3902912306495,8.39642634712713,19
CS11,VEH,SA,5,0,5.54438560043965,41.3097228903867,1.55240950577678,28
CS11,VEH,SA,6,1,5.7134221718965,42.3334087825939,8.97583665910033,31
CS11,VEH,SA,7,0,9.20925669614472,24.6917788200414,10.2068525632219,4
CS11,VEH,SA,8,1,3.6774220607799,47.8412272568532,1.20454210748341,23
CS11,VEH,SA,9,0,10.777049860953,37.9477871353748,6.43080797793231,23
CS11,VEH,SA,10,1,5.99665820188576,26.8005110352158,9.19400467265281,25
CS11,VEH,SA,11,0,26.4420105504171,43.9114103784448,9.80669463950749,23
CS11,VEH,SA,12,1,11.0032579238992,32.8769637895095,6.89717452048206,30
CS11,VEH,SA,13,0,7.56402566526661,47.7364869431677,3.60229977627602,14
CS11,VEH,SA,14,1,9.03019965126706,44.1646759719502,3.82286680185842,11
CS11,VEH,SA,15,0,6.69750086077537,23.9204310487499,2.4031729796441,10
CS11,VEH,SA,16,1,6.44956310884795,16.4512599502342,9.16081548349194,24
CS11,VEH,SA,17,0,12.2952794672589,17.4276341736858,6.65973353931121,21
CS11,VEH,SA,18,1,11.8184226381253,44.3945239315976,9.23203864733836,15
CS11,VEH,SA,19,0,19.7547664749038,27.1144637264759,9.06179835959785,15
CS11,VEH,SA,20,1,6.71491116451904,20.9352067587064,3.42439353520797,25
CS12,VEH,SA,1,0,23.2302959794095,23.9631148820668,5.33418804528939,16
CS12,VEH,SA,2,0,16.8458172217339,43.3190189904772,3.7492992517563,30
CS12,VEH,SA,3,0,21.3698992331104,15.5929881875287,8.75360447126463,12
CS12,VEH,SA,4,1,11.2016748524008,24.6974973006489,5.77398707980969,19
CS12,VEH,SA,5,0,27.4058801321571,25.4703361611055,8.82196028725895,11
CS12,VEH,SA,6,1,7.6698496908274,46.9013257416652,5.71697215003147,12
CS12,VEH,SA,7,0,18.6312316727817,21.6592521772946,2.65565612515606,24
CS12,VEH,SA,8,1,5.64335154110959,39.8577230716988,8.52942140737918,36
CS12,VEH,SA,9,0,12.7391171054441,26.2530626379432,5.85617926093031,20
CS12,VEH,SA,10,1,10.4731713271607,39.4374245264915,5.02574035497421,31
CS12,VEH,SA,11,0,1.68387931623405,46.0189516553858,10.3076125587639,7
CS12,VEH,SA,12,1,6.42484584176115,35.0254362721641,9.17933632224372,35
CS12,VEH,SA,13,0,24.0723749581767,22.9312991703522,8.60367679903069,28
CS12,VEH,SA,14,1,7.867736766125,21.3337312291912,4.95096355648334,30
CS12,VEH,SA,15,0,19.5664861124227,25.4432524671752,1.41517873456961,29
CS12,VEH,SA,16,1,9.81316368423111,20.4462054146429,2.98330349361617,14
CS12,VEH,SA,17,0,12.0956351304432,43.6784696823802,8.72401516343215,5
CS12,VEH,SA,18,1,9.91216372923587,25.2045606321164,4.65277235760052,27
CS12,VEH,SA,19,0,14.9904867200646,21.1232129340521,8.49169507334896,9
CS12,VEH,SA,20,1,6.40630959426888,35.8031232240618,4.46174398899778,30
